{
"lengthUnit": "mil",
"remark": [],
"components": {
	"fields": ["COMPONENT_NO", "COMPONENT_NAME", "LAYER", "X_COORDINATE", "Y_COORDINATE", "ANGLE"],
	"rows": [
		[1, "C1", "T", 910, 3845, 180],
		[2, "C2", "T", 1055, 3540, 90],
		[3, "C4", "T", 1025, 3315, 90],
		[4, "C5", "T", 515, 3420, 180],
		[5, "C6", "T", 645, 3450, 270],
		[6, "CN1", "T", 580, 3120, 0],
		[7, "CON_LEFT", "T", 325, 3590, 90],
		[8, "CON_RIGHT", "T", 1225, 3590, 90],
		[9, "D1", "T", 810, 3440, 180],
		[10, "GND_TO_EXTSWITCH", "T", 1130, 4140, 0],
		[11, "J1", "B", 595, 3120, 90],
		[12, "J2", "B", 595, 3265, 90],
		[13, "LED1", "T", 775, 4105, 270],
		[14, "NET_VCC_FROM_SWITCH", "T", 1030, 4140, 0],
		[15, "Q1", "T", 520, 3690, 0],
		[16, "Q2", "T", 685, 3775, 270],
		[17, "Q3", "T", 905, 3165, 0],
		[18, "Q4", "T", 790, 3305, 90],
		[19, "R1", "T", 920, 3940, 270],
		[20, "R2", "T", 775, 3865, 270],
		[21, "R3", "T", 775, 3985, 270],
		[22, "R4", "T", 520, 3855, 180],
		[23, "R5", "T", 1015, 3970, 0],
		[24, "R6", "T", 875, 3025, 90],
		[25, "R8", "T", 955, 3315, 90],
		[26, "SW1", "T", 1095, 3025, 0],
		[27, "U1", "T", 900, 3650, 180],
		[28, "U2", "T", 530, 3540, 270],
		[29, "U3", "T", 550, 4100, 0],
		[30, "VCC_TO_EXTSWITCH_NO_OR_NC", "T", 930, 4140, 0],
		[31, "PAD1", "B", 625, 2965, 0],
		[32, "PAD2", "B", 525, 2965, 0],
		[33, "PAD3", "T", 882.44, 3845, 0],
		[34, "PAD4", "T", 937.56, 3845, 0],
		[35, "PAD5", "T", 1055, 3567.56, 0],
		[36, "PAD6", "T", 1055, 3512.44, 0],
		[37, "PAD7", "T", 1025, 3342.56, 0],
		[38, "PAD8", "T", 1025, 3287.44, 0],
		[39, "PAD9", "T", 487.44, 3420, 0],
		[40, "PAD10", "T", 542.56, 3420, 0],
		[41, "PAD11", "T", 645, 3422.44, 0],
		[42, "PAD12", "T", 645, 3477.56, 0],
		[43, "PAD13", "T", 629.1, 3265.84, 0],
		[44, "PAD14", "T", 530.68, 3265.84, 0],
		[45, "PAD15", "T", 325, 3240, 0],
		[46, "PAD15", "B", 325, 3240, 0],
		[47, "PAD16", "T", 325, 3440, 0],
		[48, "PAD16", "B", 325, 3440, 0],
		[49, "PAD17", "T", 325, 3540, 0],
		[50, "PAD17", "B", 325, 3540, 0],
		[51, "PAD18", "T", 325, 3740, 0],
		[52, "PAD18", "B", 325, 3740, 0],
		[53, "PAD19", "T", 325, 3840, 0],
		[54, "PAD19", "B", 325, 3840, 0],
		[55, "PAD20", "T", 325, 3940, 0],
		[56, "PAD20", "B", 325, 3940, 0],
		[57, "PAD21", "T", 1225, 3340, 0],
		[58, "PAD21", "B", 1225, 3340, 0],
		[59, "PAD22", "T", 743.07, 3440, 0],
		[60, "PAD23", "T", 876.93, 3440, 0],
		[61, "PAD24", "T", 1130, 4140, 0],
		[62, "PAD24", "B", 1130, 4140, 0],
		[63, "PAD25", "B", 595, 3086.55, 0],
		[64, "PAD26", "B", 595, 3153.45, 0],
		[65, "PAD27", "B", 595, 3231.55, 0],
		[66, "PAD28", "B", 595, 3298.45, 0],
		[67, "PAD29", "T", 775, 4073.53, 0],
		[68, "PAD30", "T", 775, 4136.48, 0],
		[69, "PAD31", "T", 1030, 4140, 0],
		[70, "PAD31", "B", 1030, 4140, 0],
		[71, "PAD32", "T", 559.37, 3652.6, 0],
		[72, "PAD33", "T", 559.37, 3727.4, 0],
		[73, "PAD34", "T", 480.63, 3690, 0],
		[74, "PAD35", "T", 647.6, 3735.63, 0],
		[75, "PAD36", "T", 722.4, 3735.63, 0],
		[76, "PAD37", "T", 685, 3814.37, 0],
		[77, "PAD38", "T", 827.4, 3348.36, 0],
		[78, "PAD39", "T", 752.6, 3348.36, 0],
		[79, "PAD40", "T", 790, 3261.64, 0],
		[80, "PAD41", "T", 920, 3910.34, 0],
		[81, "PAD42", "T", 920, 3969.66, 0],
		[82, "PAD43", "T", 775, 3835.34, 0],
		[83, "PAD44", "T", 775, 3894.66, 0],
		[84, "PAD45", "T", 775, 3955.34, 0],
		[85, "PAD46", "T", 775, 4014.66, 0],
		[86, "PAD47", "T", 490.34, 3855, 0],
		[87, "PAD48", "T", 549.66, 3855, 0],
		[88, "PAD49", "T", 1044.66, 3970, 0],
		[89, "PAD50", "T", 985.34, 3970, 0],
		[90, "PAD51", "T", 875, 3054.66, 0],
		[91, "PAD52", "T", 875, 2995.34, 0],
		[92, "PAD53", "T", 955, 3344.66, 0],
		[93, "PAD54", "T", 955, 3285.34, 0],
		[94, "PAD55", "T", 1006.42, 3091.93, 0],
		[95, "PAD56", "T", 1124.53, 3091.93, 0],
		[96, "PAD57", "T", 1183.59, 3091.93, 0],
		[97, "PAD58", "T", 976.77, 3760.24, 0],
		[98, "PAD59", "T", 951.18, 3760.24, 0],
		[99, "PAD60", "T", 925.59, 3760.24, 0],
		[100, "PAD61", "T", 900, 3760.24, 0],
		[101, "PAD62", "T", 874.41, 3760.24, 0],
		[102, "PAD63", "T", 848.82, 3760.24, 0],
		[103, "PAD64", "T", 823.23, 3760.24, 0],
		[104, "PAD65", "T", 823.23, 3539.76, 0],
		[105, "PAD66", "T", 848.82, 3539.76, 0],
		[106, "PAD67", "T", 874.41, 3539.76, 0],
		[107, "PAD68", "T", 900, 3539.76, 0],
		[108, "PAD69", "T", 925.59, 3539.76, 0],
		[109, "PAD70", "T", 951.18, 3539.76, 0],
		[110, "PAD71", "T", 976.77, 3539.76, 0],
		[111, "PAD72", "T", 567.5, 3485, 0],
		[112, "PAD73", "T", 530.5, 3485, 0],
		[113, "PAD74", "T", 492.5, 3485, 0],
		[114, "PAD75", "T", 493.5, 3595, 0],
		[115, "PAD76", "T", 687.795, 4100, 0],
		[116, "PAD77", "T", 412.205, 4100, 0],
		[117, "PAD78", "T", 930, 4140, 0],
		[118, "PAD78", "B", 930, 4140, 0],
		[119, "PAD79", "T", 944.37, 3127.6, 0],
		[120, "PAD80", "T", 944.37, 3202.4, 0],
		[121, "PAD81", "T", 865.63, 3165, 0]
	]
},
"pins": {
	"fields": ["PIN_NO", "PIN_NAME", "PIN_X", "PIN_Y", "LAYER", "PIN_TYPE", "NET_NAME", "NET_TYPE", "PAD_SHAPE", "PAD_SIZEX", "PAD_SIZEY", "HOLE_SIZE", "HOLE_LEN", "PAD_ANGLE"],
	"rows": [
		[1, "C1_1", 937.56, 3845, "T", "SMD", "$1N46", "", "R", 31.496, 35.433, 0, 0, 180],
		[2, "C1_2", 882.44, 3845, "T", "SMD", "$1N1", "", "R", 31.496, 35.433, 0, 0, 180],
		[3, "C2_1", 1055, 3512.44, "T", "SMD", "GND", "GND", "R", 31.496, 35.433, 0, 0, 90],
		[4, "C2_2", 1055, 3567.56, "T", "SMD", "VCC", "", "R", 31.496, 35.433, 0, 0, 90],
		[5, "C4_1", 1025, 3287.44, "T", "SMD", "GND", "GND", "R", 31.496, 35.433, 0, 0, 90],
		[6, "C4_2", 1025, 3342.56, "T", "SMD", "$1N4", "", "R", 31.496, 35.433, 0, 0, 90],
		[7, "C5_1", 542.56, 3420, "T", "SMD", "GND", "GND", "R", 31.496, 35.433, 0, 0, 180],
		[8, "C5_2", 487.44, 3420, "T", "SMD", "NET_1", "", "R", 31.496, 35.433, 0, 0, 180],
		[9, "C6_1", 645, 3477.56, "T", "SMD", "GND", "GND", "R", 31.496, 35.433, 0, 0, 270],
		[10, "C6_2", 645, 3422.44, "T", "SMD", "VCC", "", "R", 31.496, 35.433, 0, 0, 270],
		[11, "CN1_1", 530.68, 3265.84, "T", "SMD", "NET_1", "", "R", 59.055, 137.795, 0, 0, 0],
		[12, "CN1_2", 629.1, 3265.84, "T", "SMD", "GND", "GND", "R", 59.055, 137.795, 0, 0, 0],
		[13, "CN1_3", 746.64, 2974.16, "T", "SMD", "NET_2", "", "R", 59.055, 137.795, 0, 0, 0],
		[14, "CN1_4", 413.36, 2974.16, "T", "SMD", "NET_3", "", "R", 59.055, 137.795, 0, 0, 0],
		[15, "CON_LEFT_1", 325, 3240, "T", "DIP", "NET_4", "", "R", 74, 74, 40, 40, 180],
		[16, "CON_LEFT_1", 325, 3240, "B", "DIP", "NET_4", "", "R", 74, 74, 40, 40, 180],
		[17, "CON_LEFT_2", 325, 3340, "T", "DIP", "NET_5", "", "C", 74, 74, 40, 40, 180],
		[18, "CON_LEFT_2", 325, 3340, "B", "DIP", "NET_5", "", "C", 74, 74, 40, 40, 180],
		[19, "CON_LEFT_3", 325, 3440, "T", "DIP", "NET_6", "", "C", 74, 74, 40, 40, 180],
		[20, "CON_LEFT_3", 325, 3440, "B", "DIP", "NET_6", "", "C", 74, 74, 40, 40, 180],
		[21, "CON_LEFT_4", 325, 3540, "T", "DIP", "NET_STATUS", "", "C", 74, 74, 40, 40, 180],
		[22, "CON_LEFT_4", 325, 3540, "B", "DIP", "NET_STATUS", "", "C", 74, 74, 40, 40, 180],
		[23, "CON_LEFT_5", 325, 3640, "T", "DIP", "NET_7", "", "C", 74, 74, 40, 40, 180],
		[24, "CON_LEFT_5", 325, 3640, "B", "DIP", "NET_7", "", "C", 74, 74, 40, 40, 180],
		[25, "CON_LEFT_6", 325, 3740, "T", "DIP", "NET_8", "", "C", 74, 74, 40, 40, 180],
		[26, "CON_LEFT_6", 325, 3740, "B", "DIP", "NET_8", "", "C", 74, 74, 40, 40, 180],
		[27, "CON_LEFT_7", 325, 3840, "T", "DIP", "NET_A0", "", "C", 74, 74, 40, 40, 180],
		[28, "CON_LEFT_7", 325, 3840, "B", "DIP", "NET_A0", "", "C", 74, 74, 40, 40, 180],
		[29, "CON_LEFT_8", 325, 3940, "T", "DIP", "NET_RST", "", "C", 74, 74, 40, 40, 180],
		[30, "CON_LEFT_8", 325, 3940, "B", "DIP", "NET_RST", "", "C", 74, 74, 40, 40, 180],
		[31, "CON_RIGHT_1", 1225, 3240, "T", "DIP", "NET_9", "", "R", 74, 74, 40, 40, 180],
		[32, "CON_RIGHT_1", 1225, 3240, "B", "DIP", "NET_9", "", "R", 74, 74, 40, 40, 180],
		[33, "CON_RIGHT_2", 1225, 3340, "T", "DIP", "GND", "GND", "C", 74, 74, 40, 40, 180],
		[34, "CON_RIGHT_2", 1225, 3340, "B", "DIP", "GND", "GND", "C", 74, 74, 40, 40, 180],
		[35, "CON_RIGHT_3", 1225, 3440, "T", "DIP", "NET_10", "", "C", 74, 74, 40, 40, 180],
		[36, "CON_RIGHT_3", 1225, 3440, "B", "DIP", "NET_10", "", "C", 74, 74, 40, 40, 180],
		[37, "CON_RIGHT_4", 1225, 3540, "T", "DIP", "NET_11", "", "C", 74, 74, 40, 40, 180],
		[38, "CON_RIGHT_4", 1225, 3540, "B", "DIP", "NET_11", "", "C", 74, 74, 40, 40, 180],
		[39, "CON_RIGHT_5", 1225, 3640, "T", "DIP", "NET_12", "", "C", 74, 74, 40, 40, 180],
		[40, "CON_RIGHT_5", 1225, 3640, "B", "DIP", "NET_12", "", "C", 74, 74, 40, 40, 180],
		[41, "CON_RIGHT_6", 1225, 3740, "T", "DIP", "NET_13", "", "C", 74, 74, 40, 40, 180],
		[42, "CON_RIGHT_6", 1225, 3740, "B", "DIP", "NET_13", "", "C", 74, 74, 40, 40, 180],
		[43, "CON_RIGHT_7", 1225, 3840, "T", "DIP", "NET_14", "", "C", 74, 74, 40, 40, 180],
		[44, "CON_RIGHT_7", 1225, 3840, "B", "DIP", "NET_14", "", "C", 74, 74, 40, 40, 180],
		[45, "CON_RIGHT_8", 1225, 3940, "T", "DIP", "NET_15", "", "C", 74, 74, 40, 40, 180],
		[46, "CON_RIGHT_8", 1225, 3940, "B", "DIP", "NET_15", "", "C", 74, 74, 40, 40, 180],
		[47, "D1_1", 876.93, 3440, "T", "SMD", "$1N4", "", "R", 47.244, 37.402, 0, 0, 180],
		[48, "D1_2", 743.07, 3440, "T", "SMD", "NET_6", "", "R", 47.244, 37.402, 0, 0, 180],
		[49, "GND_TO_EXTSWITCH_1", 1130, 4140, "T", "DIP", "GND", "GND", "R", 66.929, 66.929, 43.308, 43.308, 0],
		[50, "GND_TO_EXTSWITCH_1", 1130, 4140, "B", "DIP", "GND", "GND", "R", 66.929, 66.929, 43.308, 43.308, 0],
		[51, "J1_1", 595, 3086.55, "B", "SMD", "NET_4", "", "R", 43.3, 47.2, 0, 0, 270],
		[52, "J1_2", 595, 3153.45, "B", "SMD", "VCC", "", "R", 43.3, 47.2, 0, 0, 270],
		[53, "J2_1", 595, 3231.55, "B", "SMD", "NET_1", "", "R", 43.3, 47.2, 0, 0, 270],
		[54, "J2_2", 595, 3298.45, "B", "SMD", "$1N43", "", "R", 43.3, 47.2, 0, 0, 270],
		[55, "LED1_1", 775, 4136.48, "T", "SMD", "GND", "GND", "R", 31.496, 31.496, 0, 0, 0],
		[56, "LED1_2", 775, 4073.53, "T", "SMD", "$1N920", "", "R", 31.496, 31.496, 0, 0, 0],
		[57, "NET_VCC_FROM_SWITCH_1", 1030, 4140, "T", "DIP", "NET_16", "", "R", 66.929, 66.929, 43.308, 43.308, 0],
		[58, "NET_VCC_FROM_SWITCH_1", 1030, 4140, "B", "DIP", "NET_16", "", "R", 66.929, 66.929, 43.308, 43.308, 0],
		[59, "Q1_1", 559.37, 3652.6, "T", "SMD", "$1N25", "", "R", 49.213, 27.559, 0, 0, 0],
		[60, "Q1_2", 559.37, 3727.4, "T", "SMD", "GND", "GND", "R", 49.213, 27.559, 0, 0, 0],
		[61, "Q1_3", 480.63, 3690, "T", "SMD", "NET_RST", "", "R", 49.213, 27.559, 0, 0, 0],
		[62, "Q2_1", 647.6, 3735.63, "T", "SMD", "NET_STATUS", "", "R", 49.213, 27.559, 0, 0, 270],
		[63, "Q2_2", 722.4, 3735.63, "T", "SMD", "GND", "GND", "R", 49.213, 27.559, 0, 0, 270],
		[64, "Q2_3", 685, 3814.37, "T", "SMD", "$1N1", "", "R", 49.213, 27.559, 0, 0, 270],
		[65, "Q3_1", 944.37, 3127.6, "T", "SMD", "$1N45", "", "R", 49.213, 27.559, 0, 0, 0],
		[66, "Q3_2", 944.37, 3202.4, "T", "SMD", "$1N4", "", "R", 49.213, 27.559, 0, 0, 0],
		[67, "Q3_3", 865.63, 3165, "T", "SMD", "VCC", "", "R", 49.213, 27.559, 0, 0, 0],
		[68, "Q4_1", 827.4, 3348.36, "T", "SMD", "NET_17", "", "R", 40.846, 20.945, 0, 0, 90],
		[69, "Q4_2", 752.6, 3348.36, "T", "SMD", "VCC", "", "R", 40.846, 20.945, 0, 0, 90],
		[70, "Q4_3", 790, 3261.64, "T", "SMD", "NET_4", "", "R", 40.846, 20.945, 0, 0, 90],
		[71, "R1_1", 920, 3969.66, "T", "SMD", "GND", "GND", "R", 31.751, 34.016, 0, 0, 270],
		[72, "R1_2", 920, 3910.34, "T", "SMD", "$1N46", "", "R", 31.751, 34.016, 0, 0, 270],
		[73, "R2_1", 775, 3894.66, "T", "SMD", "GND", "GND", "R", 31.751, 34.016, 0, 0, 270],
		[74, "R2_2", 775, 3835.34, "T", "SMD", "$1N1", "", "R", 31.751, 34.016, 0, 0, 270],
		[75, "R3_1", 775, 4014.66, "T", "SMD", "$1N920", "", "R", 31.751, 34.016, 0, 0, 270],
		[76, "R3_2", 775, 3955.34, "T", "SMD", "NET_STATUS", "", "R", 31.751, 34.016, 0, 0, 270],
		[77, "R4_1", 549.66, 3855, "T", "SMD", "$1N43", "", "R", 31.751, 34.016, 0, 0, 180],
		[78, "R4_2", 490.34, 3855, "T", "SMD", "NET_A0", "", "R", 31.751, 34.016, 0, 0, 180],
		[79, "R5_1", 985.34, 3970, "T", "SMD", "GND", "GND", "R", 31.751, 34.016, 0, 0, 0],
		[80, "R5_2", 1044.66, 3970, "T", "SMD", "NET_16", "", "R", 31.751, 34.016, 0, 0, 0],
		[81, "R6_1", 875, 2995.34, "T", "SMD", "$1N46", "", "R", 31.751, 34.016, 0, 0, 90],
		[82, "R6_2", 875, 3054.66, "T", "SMD", "$1N45", "", "R", 31.751, 34.016, 0, 0, 90],
		[83, "R8_1", 955, 3285.34, "T", "SMD", "GND", "GND", "R", 31.751, 34.016, 0, 0, 90],
		[84, "R8_2", 955, 3344.66, "T", "SMD", "$1N4", "", "R", 31.751, 34.016, 0, 0, 90],
		[85, "SW1_1", 1006.42, 3091.93, "T", "SMD", "NET_16", "", "R", 60, 23.622, 0, 0, 90],
		[86, "SW1_2", 1124.53, 3091.93, "T", "SMD", "NET_18", "", "R", 60, 23.622, 0, 0, 90],
		[87, "SW1_3", 1183.59, 3091.93, "T", "SMD", "NET_19", "", "R", 60, 23.622, 0, 0, 90],
		[88, "SW1_4", 953.27, 3048.62, "T", "SMD", "NET_20", "", "R", 47.244, 27.559, 0, 0, 180],
		[89, "SW1_4", 953.27, 2958.07, "T", "SMD", "NET_21", "", "R", 47.244, 27.559, 0, 0, 180],
		[90, "SW1_4", 1236.73, 2958.07, "T", "SMD", "NET_22", "", "R", 47.244, 27.559, 0, 0, 180],
		[91, "SW1_4", 1236.73, 3048.62, "T", "SMD", "NET_23", "", "R", 47.244, 27.559, 0, 0, 180],
		[92, "U1_1", 976.77, 3760.24, "T", "SMD", "NET_18", "", "R", 15.748, 66.929, 0, 0, 180],
		[93, "U1_2", 951.18, 3760.24, "T", "SMD", "$1N46", "", "R", 15.748, 66.929, 0, 0, 180],
		[94, "U1_3", 925.59, 3760.24, "T", "SMD", "$1N1", "", "R", 15.748, 66.929, 0, 0, 180],
		[95, "U1_4", 900, 3760.24, "T", "SMD", "$1N2", "", "R", 15.748, 66.929, 0, 0, 180],
		[96, "U1_5", 874.41, 3760.24, "T", "SMD", "$1N2", "", "R", 15.748, 66.929, 0, 0, 180],
		[97, "U1_6", 848.82, 3760.24, "T", "SMD", "$1N25", "", "R", 15.748, 66.929, 0, 0, 180],
		[98, "U1_7", 823.23, 3760.24, "T", "SMD", "GND", "GND", "R", 15.748, 66.929, 0, 0, 180],
		[99, "U1_8", 823.23, 3539.76, "T", "SMD", "NET_STATUS", "", "R", 15.748, 66.929, 0, 0, 180],
		[100, "U1_9", 848.82, 3539.76, "T", "SMD", "NET_17", "", "R", 15.748, 66.929, 0, 0, 180],
		[101, "U1_10", 874.41, 3539.76, "T", "SMD", "NET_17", "", "R", 15.748, 66.929, 0, 0, 180],
		[102, "U1_11", 900, 3539.76, "T", "SMD", "$1N4", "", "R", 15.748, 66.929, 0, 0, 180],
		[103, "U1_12", 925.59, 3539.76, "T", "SMD", "NET_19", "", "R", 15.748, 66.929, 0, 0, 180],
		[104, "U1_13", 951.18, 3539.76, "T", "SMD", "NET_16", "", "R", 15.748, 66.929, 0, 0, 180],
		[105, "U1_14", 976.77, 3539.76, "T", "SMD", "VCC", "", "R", 15.748, 66.929, 0, 0, 180],
		[106, "U2_1", 492.5, 3485, "T", "SMD", "NET_1", "", "R", 24.5, 43.5, 0, 0, 0],
		[107, "U2_2", 530.5, 3485, "T", "SMD", "GND", "GND", "R", 24.5, 43.5, 0, 0, 0],
		[108, "U2_3", 567.5, 3485, "T", "SMD", "NET_1", "", "R", 24.5, 43.5, 0, 0, 0],
		[109, "U2_4", 567.5, 3595, "T", "SMD", "NET_24", "", "R", 24.5, 43.5, 0, 0, 0],
		[110, "U2_5", 493.5, 3595, "T", "SMD", "VCC", "", "R", 24.5, 43.5, 0, 0, 0],
		[111, "U3_1", 412.205, 4100, "T", "SMD", "NET_RST", "", "R", 39.37, 55.118, 0, 0, 180],
		[112, "U3_2", 687.795, 4100, "T", "SMD", "NET_8", "", "R", 39.37, 55.118, 0, 0, 180],
		[113, "VCC_TO_EXTSWITCH_NO_OR_NC_1", 930, 4140, "T", "DIP", "VCC", "", "R", 66.929, 66.929, 43.308, 43.308, 0],
		[114, "VCC_TO_EXTSWITCH_NO_OR_NC_1", 930, 4140, "B", "DIP", "VCC", "", "R", 66.929, 66.929, 43.308, 43.308, 0],
		[115, "PAD1_999", 625, 2965, "B", "SMD", "GND", "GND", "C", 74, 74, 0, 0, 180],
		[116, "PAD2_999", 525, 2965, "B", "SMD", "NET_1", "", "C", 74, 74, 0, 0, 180],
		[117, "PAD3_2", 882.44, 3845, "T", "SMD", "$1N1", "", "R", 31.496, 35.433, 0, 0, 180],
		[118, "PAD4_1", 937.56, 3845, "T", "SMD", "$1N46", "", "R", 31.496, 35.433, 0, 0, 180],
		[119, "PAD5_2", 1055, 3567.56, "T", "SMD", "VCC", "", "R", 31.496, 35.433, 0, 0, 90],
		[120, "PAD6_1", 1055, 3512.44, "T", "SMD", "GND", "GND", "R", 31.496, 35.433, 0, 0, 90],
		[121, "PAD7_2", 1025, 3342.56, "T", "SMD", "$1N4", "", "R", 31.496, 35.433, 0, 0, 90],
		[122, "PAD8_1", 1025, 3287.44, "T", "SMD", "GND", "GND", "R", 31.496, 35.433, 0, 0, 90],
		[123, "PAD9_2", 487.44, 3420, "T", "SMD", "NET_1", "", "R", 31.496, 35.433, 0, 0, 180],
		[124, "PAD10_1", 542.56, 3420, "T", "SMD", "GND", "GND", "R", 31.496, 35.433, 0, 0, 180],
		[125, "PAD11_2", 645, 3422.44, "T", "SMD", "VCC", "", "R", 31.496, 35.433, 0, 0, 270],
		[126, "PAD12_1", 645, 3477.56, "T", "SMD", "GND", "GND", "R", 31.496, 35.433, 0, 0, 270],
		[127, "PAD13_2", 629.1, 3265.84, "T", "SMD", "GND", "GND", "R", 59.055, 137.795, 0, 0, 0],
		[128, "PAD14_1", 530.68, 3265.84, "T", "SMD", "NET_1", "", "R", 59.055, 137.795, 0, 0, 0],
		[129, "PAD15_1", 325, 3240, "T", "DIP", "NET_4", "", "R", 74, 74, 40, 40, 180],
		[130, "PAD15_1", 325, 3240, "B", "DIP", "NET_4", "", "R", 74, 74, 40, 40, 180],
		[131, "PAD16_3", 325, 3440, "T", "DIP", "NET_6", "", "C", 74, 74, 40, 40, 180],
		[132, "PAD16_3", 325, 3440, "B", "DIP", "NET_6", "", "C", 74, 74, 40, 40, 180],
		[133, "PAD17_4", 325, 3540, "T", "DIP", "NET_STATUS", "", "C", 74, 74, 40, 40, 180],
		[134, "PAD17_4", 325, 3540, "B", "DIP", "NET_STATUS", "", "C", 74, 74, 40, 40, 180],
		[135, "PAD18_6", 325, 3740, "T", "DIP", "NET_8", "", "C", 74, 74, 40, 40, 180],
		[136, "PAD18_6", 325, 3740, "B", "DIP", "NET_8", "", "C", 74, 74, 40, 40, 180],
		[137, "PAD19_7", 325, 3840, "T", "DIP", "NET_A0", "", "C", 74, 74, 40, 40, 180],
		[138, "PAD19_7", 325, 3840, "B", "DIP", "NET_A0", "", "C", 74, 74, 40, 40, 180],
		[139, "PAD20_8", 325, 3940, "T", "DIP", "NET_RST", "", "C", 74, 74, 40, 40, 180],
		[140, "PAD20_8", 325, 3940, "B", "DIP", "NET_RST", "", "C", 74, 74, 40, 40, 180],
		[141, "PAD21_2", 1225, 3340, "T", "DIP", "GND", "GND", "C", 74, 74, 40, 40, 180],
		[142, "PAD21_2", 1225, 3340, "B", "DIP", "GND", "GND", "C", 74, 74, 40, 40, 180],
		[143, "PAD22_2", 743.07, 3440, "T", "SMD", "NET_6", "", "R", 47.244, 37.402, 0, 0, 180],
		[144, "PAD23_1", 876.93, 3440, "T", "SMD", "$1N4", "", "R", 47.244, 37.402, 0, 0, 180],
		[145, "PAD24_1", 1130, 4140, "T", "DIP", "GND", "GND", "R", 66.929, 66.929, 43.308, 43.308, 0],
		[146, "PAD24_1", 1130, 4140, "B", "DIP", "GND", "GND", "R", 66.929, 66.929, 43.308, 43.308, 0],
		[147, "PAD25_1", 595, 3086.55, "B", "SMD", "NET_4", "", "R", 43.3, 47.2, 0, 0, 270],
		[148, "PAD26_2", 595, 3153.45, "B", "SMD", "VCC", "", "R", 43.3, 47.2, 0, 0, 270],
		[149, "PAD27_1", 595, 3231.55, "B", "SMD", "NET_1", "", "R", 43.3, 47.2, 0, 0, 270],
		[150, "PAD28_2", 595, 3298.45, "B", "SMD", "$1N43", "", "R", 43.3, 47.2, 0, 0, 270],
		[151, "PAD29_2", 775, 4073.53, "T", "SMD", "$1N920", "", "R", 31.496, 31.496, 0, 0, 0],
		[152, "PAD30_1", 775, 4136.48, "T", "SMD", "GND", "GND", "R", 31.496, 31.496, 0, 0, 0],
		[153, "PAD31_1", 1030, 4140, "T", "DIP", "NET_16", "", "R", 66.929, 66.929, 43.308, 43.308, 0],
		[154, "PAD31_1", 1030, 4140, "B", "DIP", "NET_16", "", "R", 66.929, 66.929, 43.308, 43.308, 0],
		[155, "PAD32_1", 559.37, 3652.6, "T", "SMD", "$1N25", "", "R", 49.213, 27.559, 0, 0, 0],
		[156, "PAD33_2", 559.37, 3727.4, "T", "SMD", "GND", "GND", "R", 49.213, 27.559, 0, 0, 0],
		[157, "PAD34_3", 480.63, 3690, "T", "SMD", "NET_RST", "", "R", 49.213, 27.559, 0, 0, 0],
		[158, "PAD35_1", 647.6, 3735.63, "T", "SMD", "NET_STATUS", "", "R", 49.213, 27.559, 0, 0, 270],
		[159, "PAD36_2", 722.4, 3735.63, "T", "SMD", "GND", "GND", "R", 49.213, 27.559, 0, 0, 270],
		[160, "PAD37_3", 685, 3814.37, "T", "SMD", "$1N1", "", "R", 49.213, 27.559, 0, 0, 270],
		[161, "PAD38_1", 827.4, 3348.36, "T", "SMD", "NET_17", "", "R", 40.846, 20.945, 0, 0, 90],
		[162, "PAD39_2", 752.6, 3348.36, "T", "SMD", "VCC", "", "R", 40.846, 20.945, 0, 0, 90],
		[163, "PAD40_3", 790, 3261.64, "T", "SMD", "NET_4", "", "R", 40.846, 20.945, 0, 0, 90],
		[164, "PAD41_2", 920, 3910.34, "T", "SMD", "$1N46", "", "R", 31.751, 34.016, 0, 0, 270],
		[165, "PAD42_1", 920, 3969.66, "T", "SMD", "GND", "GND", "R", 31.751, 34.016, 0, 0, 270],
		[166, "PAD43_2", 775, 3835.34, "T", "SMD", "$1N1", "", "R", 31.751, 34.016, 0, 0, 270],
		[167, "PAD44_1", 775, 3894.66, "T", "SMD", "GND", "GND", "R", 31.751, 34.016, 0, 0, 270],
		[168, "PAD45_2", 775, 3955.34, "T", "SMD", "NET_STATUS", "", "R", 31.751, 34.016, 0, 0, 270],
		[169, "PAD46_1", 775, 4014.66, "T", "SMD", "$1N920", "", "R", 31.751, 34.016, 0, 0, 270],
		[170, "PAD47_2", 490.34, 3855, "T", "SMD", "NET_A0", "", "R", 31.751, 34.016, 0, 0, 180],
		[171, "PAD48_1", 549.66, 3855, "T", "SMD", "$1N43", "", "R", 31.751, 34.016, 0, 0, 180],
		[172, "PAD49_2", 1044.66, 3970, "T", "SMD", "NET_16", "", "R", 31.751, 34.016, 0, 0, 0],
		[173, "PAD50_1", 985.34, 3970, "T", "SMD", "GND", "GND", "R", 31.751, 34.016, 0, 0, 0],
		[174, "PAD51_2", 875, 3054.66, "T", "SMD", "$1N45", "", "R", 31.751, 34.016, 0, 0, 90],
		[175, "PAD52_1", 875, 2995.34, "T", "SMD", "$1N46", "", "R", 31.751, 34.016, 0, 0, 90],
		[176, "PAD53_2", 955, 3344.66, "T", "SMD", "$1N4", "", "R", 31.751, 34.016, 0, 0, 90],
		[177, "PAD54_1", 955, 3285.34, "T", "SMD", "GND", "GND", "R", 31.751, 34.016, 0, 0, 90],
		[178, "PAD55_1", 1006.42, 3091.93, "T", "SMD", "NET_16", "", "R", 60, 23.622, 0, 0, 90],
		[179, "PAD56_2", 1124.53, 3091.93, "T", "SMD", "NET_18", "", "R", 60, 23.622, 0, 0, 90],
		[180, "PAD57_3", 1183.59, 3091.93, "T", "SMD", "NET_19", "", "R", 60, 23.622, 0, 0, 90],
		[181, "PAD58_1", 976.77, 3760.24, "T", "SMD", "NET_18", "", "R", 15.748, 66.929, 0, 0, 180],
		[182, "PAD59_2", 951.18, 3760.24, "T", "SMD", "$1N46", "", "R", 15.748, 66.929, 0, 0, 180],
		[183, "PAD60_3", 925.59, 3760.24, "T", "SMD", "$1N1", "", "R", 15.748, 66.929, 0, 0, 180],
		[184, "PAD61_4", 900, 3760.24, "T", "SMD", "$1N2", "", "R", 15.748, 66.929, 0, 0, 180],
		[185, "PAD62_5", 874.41, 3760.24, "T", "SMD", "$1N2", "", "R", 15.748, 66.929, 0, 0, 180],
		[186, "PAD63_6", 848.82, 3760.24, "T", "SMD", "$1N25", "", "R", 15.748, 66.929, 0, 0, 180],
		[187, "PAD64_7", 823.23, 3760.24, "T", "SMD", "GND", "GND", "R", 15.748, 66.929, 0, 0, 180],
		[188, "PAD65_8", 823.23, 3539.76, "T", "SMD", "NET_STATUS", "", "R", 15.748, 66.929, 0, 0, 180],
		[189, "PAD66_9", 848.82, 3539.76, "T", "SMD", "NET_17", "", "R", 15.748, 66.929, 0, 0, 180],
		[190, "PAD67_10", 874.41, 3539.76, "T", "SMD", "NET_17", "", "R", 15.748, 66.929, 0, 0, 180],
		[191, "PAD68_11", 900, 3539.76, "T", "SMD", "$1N4", "", "R", 15.748, 66.929, 0, 0, 180],
		[192, "PAD69_12", 925.59, 3539.76, "T", "SMD", "NET_19", "", "R", 15.748, 66.929, 0, 0, 180],
		[193, "PAD70_13", 951.18, 3539.76, "T", "SMD", "NET_16", "", "R", 15.748, 66.929, 0, 0, 180],
		[194, "PAD71_14", 976.77, 3539.76, "T", "SMD", "VCC", "", "R", 15.748, 66.929, 0, 0, 180],
		[195, "PAD72_3", 567.5, 3485, "T", "SMD", "NET_1", "", "R", 24.5, 43.5, 0, 0, 0],
		[196, "PAD73_2", 530.5, 3485, "T", "SMD", "GND", "GND", "R", 24.5, 43.5, 0, 0, 0],
		[197, "PAD74_1", 492.5, 3485, "T", "SMD", "NET_1", "", "R", 24.5, 43.5, 0, 0, 0],
		[198, "PAD75_5", 493.5, 3595, "T", "SMD", "VCC", "", "R", 24.5, 43.5, 0, 0, 0],
		[199, "PAD76_2", 687.795, 4100, "T", "SMD", "NET_8", "", "R", 39.37, 55.118, 0, 0, 180],
		[200, "PAD77_1", 412.205, 4100, "T", "SMD", "NET_RST", "", "R", 39.37, 55.118, 0, 0, 180],
		[201, "PAD78_1", 930, 4140, "T", "DIP", "VCC", "", "R", 66.929, 66.929, 43.308, 43.308, 0],
		[202, "PAD78_1", 930, 4140, "B", "DIP", "VCC", "", "R", 66.929, 66.929, 43.308, 43.308, 0],
		[203, "PAD79_1", 944.37, 3127.6, "T", "SMD", "$1N45", "", "R", 49.213, 27.559, 0, 0, 0],
		[204, "PAD80_2", 944.37, 3202.4, "T", "SMD", "$1N4", "", "R", 49.213, 27.559, 0, 0, 0],
		[205, "PAD81_3", 865.63, 3165, "T", "SMD", "VCC", "", "R", 49.213, 27.559, 0, 0, 0]
	]
}
}